date,topic,gender,location,repostsnum
2014/8/17,魅族,female,陕西 西安,118518
2014/11/16,魅族,female,湖北 锦门,13
2014/11/16,魅族,male,台湾,117
2014/11/16,魅族,female,台湾,286
2014/11/16,魅族,female,台湾,198
2014/11/16,魅族,female,台湾,74
2014/11/16,魅族,female,台湾,87
2014/11/16,魅族,female,台湾,169
2014/11/16,魅族,female,台湾,452
2014/11/14,魅族,female,台湾,88
2014/11/14,魅族,male,台湾,334
2014/11/14,魅族,female,福建 厦门,268
2014/11/14,魅族,female,上海,1089
2014/11/14,魅族,female,湖南 南阳,137
2014/11/14,魅族,male,其他,439
2014/11/10,房价,female,其他,158
2014/11/8,房价,male,其他,1003
2014/11/7,房价,male,其他,125
2014/11/7,房价,male,其他,759
2014/11/7,房价,male,其他,244
2014/11/6,房价,female,其他,308
2014/11/6,房价,female,其他,306
2014/11/6,房价,male,其他,835
2014/11/6,房价,female,其他,767
2014/11/5,房价,female,其他,716
2014/11/4,房价,female,其他,59
2014/11/4,房价,male,其他,2323
2014/11/4,房价,female,其他,322
2014/11/4,房价,female,其他,357
2014/11/4,房价,female,其他,302
2014/11/4,房价,female,其他,337
2014/11/4,房价,female,其他,523
2014/11/4,房价,female,北京,972
2014/11/4,房价,male,北京,340
2014/11/4,房价,male,北京,90
2014/11/3,房价,female,北京,889
2014/11/3,房价,male,北京,252
2014/11/3,房价,female,北京,306
2014/11/3,小米,male,北京,97
2014/11/3,小米,female,北京,270
2014/11/3,小米,female,北京,296
2014/11/3,小米,female,北京,900
2014/11/3,小米,female,北京,33
2014/11/3,小米,female,北京,346
2014/10/29,小米,female,北京,1764
2014/10/29,小米,male,北京,554
2014/10/29,小米,male,北京,65
2014/10/28,小米,female,北京,57
2014/10/28,小米,male,北京,482
2014/10/28,小米,male,北京,7664
2014/10/28,小米,male,北京,432
2014/10/28,小米,female,广东 广州,263
2014/10/28,小米,female,广东 广州,622
2014/10/28,小米,female,广东 广州,402
2014/10/28,小米,male,广东 广州,250
2014/10/22,小米,male,广东 广州,83
2014/10/22,小米,female,广东 广州,71
2014/10/22,小米,male,广东 广州,240
2014/10/22,小米,female,广东 广州,100
2014/10/22,小米,female,广东 广州,161
2014/10/22,小米,male,广东 广州,664
2014/10/22,小米,female,广东 广州,375
2014/10/22,小米,male,广东 广州,417
2014/10/22,小米,female,广东 广州,44
2014/10/22,小米,female,广东 广州,72
2014/10/22,小米,male,广东 广州,555
2014/10/22,小米,male,广东 广州,122
2014/10/22,小米,male,广东 广州,3257
2014/10/22,小米,female,广东 广州,376
2014/10/21,小米,female,广东 广州,110
2014/10/21,小米,male,广东 广州,88
2014/10/21,小米,male,广东 广州,252
2014/10/21,小米,male,江苏 南京,119
2014/10/21,小米,male,江苏 南京,163
2014/10/21,小米,male,江苏 南京,100
2014/10/21,小米,male,江苏 南京,408
2014/10/21,小米,female,江苏 南京,21495
2014/10/21,小米,female,江苏 南京,339
2014/10/21,小米,male,江苏 南京,46
2014/10/21,小米,female,江苏 南京,399
2014/10/21,小米,female,江苏 南京,398
2014/10/21,华为,female,江苏 南京,243
2014/10/21,华为,male,江苏 南京,336
2014/10/21,华为,male,江苏 南京,164
2014/10/21,华为,female,江苏 南京,362
2014/10/21,华为,male,江苏 南京,639
2014/10/21,华为,male,江苏 南京,1433
2014/10/21,华为,female,江苏 南京,2080
2014/10/21,华为,female,江苏 南京,204
2014/10/20,华为,female,江苏 南京,93
2014/10/20,华为,female,江苏 南京,4584
2014/10/31,华为,female,江苏 南京,117
2014/11/14,华为,female,江苏 南京,264
2014/11/11,华为,female,四川 绵阳,753
2014/11/11,华为,female,四川 绵阳,14412
2014/11/11,华为,male,四川 绵阳,65
2014/11/11,华为,female,四川 绵阳,262
2014/11/11,华为,female,四川 绵阳,3644
2014/11/11,华为,female,四川 绵阳,425
2014/11/11,华为,female,四川 绵阳,5996
2014/11/10,华为,female,四川 绵阳,5733
2014/11/10,华为,female,四川 绵阳,6071
2014/10/31,华为,female,四川 绵阳,2116
2014/10/31,华为,female,四川 绵阳,166
2014/10/31,华为,female,四川 绵阳,574
2014/11/16,华为,female,四川 绵阳,136
2014/11/11,华为,female,四川 绵阳,576
2014/11/11,华为,female,四川 绵阳,2570
2014/11/6,华为,female,四川 绵阳,4113
2014/11/4,华为,female,四川 绵阳,2513
2014/11/4,华为,female,四川 绵阳,104
2014/10/31,华为,female,四川 绵阳,5944
2014/10/31,华为,female,四川 绵阳,147
2014/10/31,华为,female,四川 绵阳,138
2014/10/30,华为,female,四川 绵阳,168
2014/10/30,华为,female,四川 绵阳,1752
2014/10/30,华为,female,四川 绵阳,363
2014/10/30,华为,female,四川 绵阳,855
2014/10/30,华为,male,四川 绵阳,783
2014/10/30,华为,female,四川 绵阳,739
2014/11/17,华为,male,四川 绵阳,329
2014/11/16,华为,male,四川 绵阳,417
2014/11/16,华为,male,四川 绵阳,371
2014/11/15,华为,female,四川 绵阳,685
2014/11/15,华为,female,四川 绵阳,1001
2014/11/13,华为,female,四川 绵阳,131
2014/11/12,华为,male,四川 绵阳,212
2014/11/12,华为,male,四川 绵阳,594
2014/11/11,华为,male,四川 绵阳,331
2014/11/11,华为,female,四川 绵阳,128
2014/11/11,华为,female,四川 绵阳,55
2014/11/11,华为,female,四川 绵阳,796
2014/11/11,韩剧,male,四川 绵阳,1836
2014/11/11,韩剧,female,四川 绵阳,86
2014/11/11,韩剧,male,四川 绵阳,104
2014/11/11,韩剧,male,四川 绵阳,860
2014/11/11,韩剧,female,四川 绵阳,110
2014/11/11,韩剧,male,四川 绵阳,310
2014/11/11,韩剧,female,四川 绵阳,286
2014/11/11,韩剧,female,四川 绵阳,646
2014/11/10,韩剧,female,四川 绵阳,271
2014/11/10,韩剧,male,四川 绵阳,49
2014/11/4,韩剧,female,四川 绵阳,457
2014/11/4,韩剧,female,四川 绵阳,584
2014/11/4,韩剧,female,四川 绵阳,537
2014/11/4,韩剧,female,四川 绵阳,353
2014/11/4,韩剧,male,四川 绵阳,282
2014/11/4,韩剧,female,四川 绵阳,150
2014/11/3,韩剧,male,四川 绵阳,471
2014/11/3,韩剧,female,四川 绵阳,189
2014/11/1,韩剧,female,四川 绵阳,299
2014/11/1,韩剧,female,四川 绵阳,293
2014/11/1,公务员,male,四川 绵阳,134
2014/11/1,公务员,female,四川 绵阳,680
2014/11/1,公务员,female,四川 绵阳,109
2014/11/1,公务员,male,江苏 南京,780
2014/10/31,公务员,female,江苏 南京,1406
2014/10/31,公务员,female,江苏 南京,668
2014/10/31,公务员,female,江苏 南京,550
2014/10/31,公务员,female,江苏 南京,747
2014/10/31,公务员,male,江苏 南京,46
2014/10/31,公务员,male,江苏 南京,1676
2014/10/31,公务员,male,江苏 南京,258
2014/10/31,公务员,female,江苏 南京,1993
2014/10/31,公务员,male,江苏 南京,1276
2014/10/31,公务员,male,江苏 南京,51
2014/10/31,公务员,male,江苏 南京,468
2014/10/30,公务员,male,江苏 南京,1071
2014/10/30,公务员,male,江苏 南京,69
2014/10/30,公务员,female,江苏 南京,891
2014/10/30,韩剧,male,江苏 南京,101
2014/10/29,韩剧,female,江苏 南京,141
2014/10/28,韩剧,female,江苏 南京,182
2014/10/28,韩剧,male,天津,181
2014/10/28,韩剧,female,天津,957
2014/10/28,韩剧,male,天津,394
2014/10/28,韩剧,male,天津,31
2014/10/28,美剧,male,天津,887
2014/10/27,美剧,male,天津,221
2014/10/27,美剧,female,天津,301
2014/10/27,美剧,female,天津,237
2014/10/2,美剧,male,天津,187
2014/10/1,美剧,male,天津,275
2014/9/23,美剧,female,天津,93
2014/9/22,美剧,female,天津,957
2014/9/22,美剧,male,天津,211
2014/9/22,美剧,female,天津,512
2014/9/22,美剧,male,天津,583
2014/9/21,美剧,male,天津,34
2014/6/17,美剧,female,天津,140
2014/4/26,美剧,female,天津,26
2014/4/26,美剧,female,天津,513
2014/4/26,美剧,male,天津,1058
2014/4/25,美剧,male,天津,308
2014/4/25,美剧,female,天津,232
2014/4/25,美剧,female,天津,103
2014/4/24,美剧,female,广东,1284
2014/4/24,美剧,male,广东,640
2014/4/24,日剧,male,广东,138
2014/4/24,日剧,female,广东,133
2014/4/24,日剧,female,广东,283
2014/4/23,日剧,male,广东,1091
2014/4/23,日剧,female,广东,291
2014/4/23,日剧,female,广东,360
2014/4/22,日剧,male,广东,753
2014/4/22,日剧,female,广东,326
2014/4/22,日剧,female,广东,552
2014/4/22,日剧,female,广东,495
2014/4/21,日剧,male,广东,244
2014/4/21,日剧,male,广东,661
2014/11/16,日剧,female,广东,231
2014/11/16,日剧,male,广东,81
2014/11/16,恒大,female,广东,553
2014/11/15,日剧,male,广东,239
2014/11/15,日剧,female,广东,731
2014/11/15,日剧,female,广东,888
2014/11/14,火箭,female,广东,636
2014/11/14,火箭,male,广东,788
2014/11/14,火箭,female,广东,50
2014/11/12,火箭,male,广东,531
2014/11/12,火箭,male,广东,211
2014/11/12,火箭,male,广东,577
2014/11/11,火箭,female,黑龙江,577
2014/11/11,火箭,female,黑龙江,213
2014/11/11,日剧,female,黑龙江,951
2014/11/10,日剧,female,黑龙江,167
2014/11/10,日剧,female,黑龙江,326
2014/11/10,日剧,female,黑龙江,1673
2014/11/9,日剧,male,黑龙江,1260
2014/11/9,日剧,male,黑龙江,51
2014/11/9,日剧,male,黑龙江,491
2014/11/8,日剧,female,黑龙江,195
2014/11/8,日剧,female,黑龙江,721
2014/11/8,日剧,female,黑龙江,179
2014/11/7,日剧,male,黑龙江,90
2014/11/7,日剧,female,黑龙江,476
2014/11/7,日剧,female,黑龙江,863
2014/11/6,日剧,male,黑龙江,51
2014/11/6,日剧,male,黑龙江,53
2014/11/6,日剧,female,黑龙江,152
2014/11/2,日剧,male,黑龙江,251
2014/11/2,日剧,female,黑龙江,88
2014/11/2,日剧,female,黑龙江,91
2014/10/31,日剧,male,黑龙江,575
2014/9/28,日剧,male,黑龙江,252
2014/9/28,日剧,female,黑龙江,233
2014/9/28,日剧,female,黑龙江,431
2014/8/7,日剧,female,黑龙江,1040
2014/8/7,日剧,male,黑龙江,255
2014/8/7,日剧,male,黑龙江,471
2014/8/5,日剧,male,黑龙江,295
2014/8/5,日剧,male,黑龙江,169
2014/8/5,日剧,male,黑龙江,273
2014/8/4,日剧,female,黑龙江,118
2014/8/4,日剧,male,黑龙江,145
2014/8/4,日剧,male,黑龙江,154
2014/8/3,日剧,male,黑龙江,987
2014/8/3,日剧,male,黑龙江,1131
2014/8/3,日剧,male,黑龙江,220
2014/8/2,日剧,male,黑龙江,952
2014/8/2,日剧,male,黑龙江,241
2014/8/2,日剧,male,吉林,551
2014/8/1,日剧,male,吉林,73
2014/8/1,日剧,female,吉林,542
2014/8/1,日剧,male,吉林,374
2014/7/31,日剧,male,吉林,53
2014/7/31,同桌的你,female,吉林,478
2014/7/31,同桌的你,male,吉林,684
2014/7/29,同桌的你,female,吉林,950
2014/7/29,同桌的你,male,吉林,391
2014/7/29,同桌的你,female,吉林,13
2014/7/28,同桌的你,male,吉林,1
2014/7/28,同桌的你,male,吉林,6
2014/7/28,日剧,female,吉林,1
2014/7/25,日剧,male,吉林,10
2014/7/25,日剧,male,吉林,6
2014/7/25,日剧,male,吉林,6
2014/7/24,日剧,male,吉林,2
2014/7/24,日剧,female,吉林,12
2014/7/24,日剧,female,吉林,30
2014/7/22,日剧,female,吉林,4
2014/7/22,日剧,male,吉林,1
2014/7/22,日剧,male,吉林,8
2014/7/21,日剧,female,吉林,6
2014/7/21,日剧,female,吉林,7
2014/7/21,日剧,female,吉林,9
2014/6/28,日剧,male,吉林,2
2014/6/28,日剧,female,吉林,20
2014/6/28,日剧,male,吉林,26
2014/6/27,日剧,female,吉林,7
2014/6/27,日剧,male,吉林,11
2014/6/27,日剧,male,吉林,11
2014/6/26,日剧,female,吉林,0
2014/6/26,日剧,male,吉林,7
2014/6/26,日剧,male,吉林,2
2014/6/25,日剧,male,长春,17
2014/6/25,日剧,male,长春,0
2014/6/25,日剧,male,长春,12
2014/6/23,日剧,female,长春,44
2014/6/23,日剧,male,长春,5
2014/11/1,日剧,male,长春,10
2014/11/1,日剧,female,长春,0
2014/11/13,日剧,female,长春,16
2014/11/16,日剧,female,长春,31
2014/11/16,日剧,male,长春,7
2014/11/16,火箭,male,长春,22
2014/11/15,火箭,female,长春,6
2014/11/15,火箭,female,长春,2
2014/11/15,火箭,male,长春,9
2014/11/15,火箭,female,长春,51
2014/11/14,火箭,male,长春,3
2014/11/12,火箭,female,长春,49
2014/11/12,日剧,male,长春,6
2014/11/10,日剧,female,长春,7
2014/11/10,日剧,female,长春,14
2014/11/9,日剧,male,长春,7
2014/11/9,日剧,female,长春,1
2014/11/9,日剧,male,长春,7
2014/11/9,日剧,male,长春,1
2014/11/8,日剧,female,长春,3
2014/11/8,日剧,female,长春,2
2014/11/8,日剧,female,长春,4
2014/11/8,贪官,male,长春,50
2014/11/7,贪官,male,长春,8
2014/11/7,贪官,male,长春,13
2014/11/6,贪官,male,长春,3
2014/11/6,贪官,male,长春,2
2014/11/5,贪官,female,长春,17
2014/11/5,贪官,male,长春,15
2014/11/3,日剧,male,海南,1
2014/11/3,日剧,male,海南,15
2014/11/2,日剧,female,海南,15
2014/11/2,日剧,female,海南,3
2014/11/1,日剧,male,海南,7
2014/11/1,日剧,female,海南,8
2014/11/1,日剧,female,海南,56
2014/11/1,日剧,female,海南,1
2014/11/1,日剧,female,海南,4
2014/11/1,日剧,male,海南,3
2014/10/29,日剧,male,海南,2
2014/10/28,日剧,male,海南,22
2014/10/28,日剧,female,海南,5
2014/10/27,日剧,male,海南,84
2014/10/25,日剧,female,海南,47
2014/10/25,日剧,male,海南,53
2014/10/25,日剧,male,海南,4
2014/10/24,林书豪,female,海南,0
2014/10/24,林书豪,male,海南,51
2014/10/24,林书豪,male,海南,21
2014/10/24,林书豪,male,海南,21
2014/10/24,林书豪,female,海南,2
2014/10/24,林书豪,male,海南,5
2014/10/24,林书豪,female,海南,2
2014/10/24,林书豪,female,海南,3
2014/10/24,林书豪,female,海南,13
2014/10/24,林书豪,female,海南,224
2014/10/23,林书豪,female,海南,6
2014/10/23,林书豪,female,海南,4
2014/10/23,雾霾,female,海南,0
2014/10/23,雾霾,male,海南,0
2014/10/23,雾霾,female,河南 洛阳,16
2014/10/23,雾霾,female,河南 洛阳,6
2014/10/23,雾霾,female,河南 洛阳,3
2014/10/23,雾霾,female,河南 洛阳,12
2014/10/22,雾霾,male,河南 洛阳,12
2014/10/22,雾霾,female,河南 洛阳,26
2014/10/22,雾霾,female,河南 洛阳,7
2014/10/22,雾霾,female,河南 洛阳,144
2014/10/22,雾霾,female,河南 洛阳,56
2014/10/22,雾霾,female,河南 洛阳,10
2014/10/22,雾霾,male,河南 洛阳,1
2014/10/22,雾霾,female,河南 洛阳,46
2014/10/22,雾霾,female,河南 洛阳,3
2014/10/20,雾霾,female,河南 洛阳,11
2014/10/20,雾霾,female,河南 洛阳,29
2014/10/20,雾霾,male,河南 洛阳,3
2014/10/20,雾霾,female,河南 洛阳,13
2014/10/20,雾霾,female,河南 洛阳,3
2014/10/20,雾霾,female,河南 洛阳,1
2014/10/18,雾霾,male,河南 洛阳,4
2014/10/18,雾霾,female,河南 洛阳,4
2014/10/18,雾霾,male,河南 洛阳,22
2014/10/16,雾霾,female,河南 洛阳,8
2014/10/14,雾霾,male,河南 洛阳,20
2014/10/13,雾霾,female,河南 洛阳,14
2014/10/11,雾霾,female,河南 洛阳,14
2014/10/11,雾霾,female,河南 洛阳,5
2014/10/11,雾霾,male,河南 洛阳,15
2014/10/8,雾霾,female,河南 洛阳,2
2014/10/7,雾霾,female,河南 洛阳,23
2014/10/24,雾霾,female,河南 洛阳,539
2014/11/16,雾霾,male,云南 大理,73
2014/11/14,雾霾,female,云南 大理,19
2014/11/9,雾霾,female,云南 大理,7
2014/11/8,雾霾,male,云南 大理,6
2014/11/7,雾霾,female,云南 大理,8
2014/11/6,雾霾,female,云南 大理,3
2014/11/6,雾霾,female,云南 大理,1802
2014/11/6,雾霾,female,云南 大理,1
2014/11/6,雾霾,male,云南 大理,1
2014/11/6,雾霾,female,云南 大理,2
2014/11/6,雾霾,female,云南 大理,17
2014/11/6,雾霾,male,云南 大理,19
2014/11/5,雾霾,male,云南 大理,44
2014/11/5,转基因,male,云南 大理,46
2014/11/2,转基因,male,云南 大理,580
2014/11/1,转基因,female,云南 大理,2
2014/11/1,转基因,female,云南 大理,4
2014/11/1,转基因,female,云南 大理,2
2014/10/31,转基因,male,云南 大理,8
2014/10/31,转基因,female,云南 大理,11
2014/10/31,转基因,male,云南 大理,6
2014/10/31,转基因,male,云南 大理,26
2014/10/31,转基因,female,云南 大理,39
2014/10/28,转基因,female,云南 大理,9
2014/10/26,雾霾,female,云南 大理,38
2014/10/26,雾霾,male,云南 大理,13
2014/10/26,雾霾,female,云南 大理,13
2014/10/26,雾霾,female,云南 大理,192
2014/10/24,雾霾,male,云南 大理,6
2014/10/24,雾霾,female,云南 大理,6
2014/10/24,雾霾,female,云南 大理,5
2014/10/24,雾霾,female,云南 大理,7
2014/10/24,雾霾,male,云南 大理,10
2014/10/24,雾霾,male,云南 大理,6
2014/10/24,雾霾,female,云南 大理,14
2014/10/24,雾霾,male,云南 大理,29
2014/10/24,雾霾,female,云南 大理,11
2014/10/24,雾霾,male,云南 大理,18
2014/10/24,雾霾,male,云南 大理,17
2014/10/24,雾霾,male,云南 大理,17
2014/10/24,雾霾,female,云南 大理,26
2014/10/24,雾霾,female,云南 大理,10
2014/10/24,雾霾,male,云南 大理,103
2014/10/24,雾霾,male,云南 大理,11
2014/10/18,雾霾,female,云南 大理,101
2014/10/18,雾霾,female,云南 大理,11
2014/10/18,雾霾,male,云南 大理,13
2014/10/18,雾霾,male,云南 大理,10
2014/10/18,雾霾,female,云南 大理,158
2014/10/17,雾霾,female,云南 大理,11
2014/10/17,雾霾,female,陕西,4
2014/10/17,雾霾,female,陕西,13
2014/10/17,雾霾,male,陕西,6
2014/10/17,雾霾,female,陕西,96
2014/10/17,雾霾,male,陕西,13
2014/10/17,雾霾,female,陕西,15
2014/10/17,雾霾,female,陕西,7
2014/10/15,雾霾,female,陕西,55
2014/10/15,雾霾,female,陕西,11
2014/10/12,雾霾,female,陕西,7
2014/10/11,雾霾,male,陕西,38
2014/10/11,雾霾,male,陕西,10
2014/10/11,公务员,male,陕西,18
2014/10/11,公务员,female,陕西,22
2014/10/11,公务员,male,陕西,82
2014/10/11,公务员,female,陕西,3
2014/10/11,公务员,female,陕西,7
2014/10/6,公务员,female,陕西,9
2014/10/6,公务员,female,陕西,79
2014/10/6,公务员,male,陕西,8
2014/10/6,公务员,male,陕西,30
2014/10/6,公务员,male,陕西,8
2014/10/6,公务员,female,陕西,7
2014/10/6,公务员,female,陕西,8
2014/10/6,公务员,male,陕西,7
2014/10/6,雾霾,female,陕西,8
2014/10/6,雾霾,female,陕西,26
2014/10/5,雾霾,female,陕西,9
2014/10/5,雾霾,male,陕西,46
2014/10/5,雾霾,female,陕西,31
2014/10/5,雾霾,female,陕西,4
2014/10/5,雾霾,female,陕西,20
2014/10/5,雾霾,female,陕西,10
2014/10/4,雾霾,male,陕西,7
2014/10/4,魅族,female,陕西,7
2014/10/4,魅族,female,陕西,17
2014/10/4,魅族,male,陕西,45
2014/10/4,魅族,male,陕西,42
2014/10/4,魅族,male,陕西,30
2014/11/11,魅族,male,陕西,4
2014/11/17,魅族,male,陕西,24
2014/11/17,魅族,male,陕西,71
2014/11/17,魅族,male,青岛,20
2014/11/17,魅族,female,青岛,28
2014/11/17,魅族,male,青岛,73
2014/11/16,魅族,female,青岛,13
2014/11/16,魅族,female,青岛,8
2014/11/16,魅族,male,青岛,18
2014/11/16,魅族,male,青岛,36
2014/11/16,魅族,male,青岛,13
2014/11/16,魅族,male,青岛,2
2014/11/16,魅族,female,青岛,21
2014/11/16,魅族,male,青岛,8
2014/11/15,魅族,male,青岛,13
2014/11/15,魅族,male,青岛,13
2014/11/15,魅族,male,青岛,3
2014/11/15,魅族,female,青岛,10
2014/11/15,魅族,male,青岛,40
2014/11/15,魅族,male,青岛,2
2014/11/15,魅族,female,青岛,7
2014/11/15,魅族,female,青岛,14
2014/11/15,魅族,female,青岛,24
2014/11/14,魅族,male,青岛,7
2014/11/14,魅族,female,青岛,5
2014/11/14,魅族,female,青岛,14
2014/11/14,魅族,male,青岛,15
2014/11/14,魅族,male,青岛,8
2014/11/14,魅族,male,青岛,9
2014/11/14,魅族,female,青岛,21
2014/11/14,魅族,male,青岛,18
2014/11/13,魅族,male,青岛,49
2014/11/13,魅族,male,青岛,19
2014/11/13,魅族,female,青岛,21
2014/11/13,雾霾,male,青岛,20
2014/11/13,雾霾,female,青岛,9
2014/11/13,雾霾,female,青岛,12
2014/11/13,雾霾,female,青岛,27
2014/11/13,雾霾,female,青岛,4
2014/11/12,雾霾,female,青岛,44
2014/11/12,雾霾,female,青岛,1697
2014/11/12,航天,female,青岛,2
2014/11/12,航天,female,青岛,17
2014/11/12,航天,male,青岛,31
2014/11/12,航天,male,青岛,16
2014/11/12,航天,male,青岛,12
2014/11/12,航天,male,青岛,11
2014/11/11,航天,female,青岛,64
2014/11/11,航天,female,青岛,18
2014/11/11,航天,female,青岛,7
2014/11/11,航天,female,青岛,16
2014/11/11,航天,male,青岛,19
2014/11/11,航天,female,青岛,37
2014/11/11,航天,male,青岛,61
2014/11/11,航天,male,青岛,43
2014/11/10,航天,male,青岛,183
2014/11/10,航天,male,青岛,28
2014/11/10,航天,male,青岛,129
2014/11/10,航天,female,青岛,28
2014/11/10,航天,female,青岛,12
2014/11/10,航天,female,青岛,73
2014/11/10,航天,male,青岛,112
2014/11/10,航天,female,青岛,2
2014/11/10,航天,female,青岛,8
2014/11/9,航天,male,青岛,0
2014/11/9,航天,female,青岛,1
2014/11/9,航天,male,青岛,1
2014/11/9,航天,male,青岛,4
2014/11/9,航天,male,大连,1
2014/11/9,航天,female,大连,2
2014/11/9,航天,male,大连,2
2014/11/8,航天,male,大连,5
2014/11/8,航天,male,大连,9
2014/11/8,航天,female,大连,2
2014/11/8,航天,female,大连,9
2014/11/8,航天,female,大连,9
2014/11/8,航天,female,大连,10
2014/11/8,航天,female,大连,3
2014/11/8,航天,male,大连,2
2014/11/8,航天,female,大连,10
2014/11/8,航天,male,大连,14
2014/11/7,航天,male,大连,40
2014/11/7,航天,male,大连,7
2014/11/7,航天,male,大连,1
2014/10/31,航天,female,大连,3
2014/11/14,航天,male,大连,1
2014/11/14,航天,female,大连,88
2014/11/10,航天,male,大连,61
2014/11/5,航天,female,大连,69
2014/11/5,航天,male,大连,1
2014/11/3,航天,female,大连,18
2014/10/31,航天,male,大连,96
2014/10/30,航天,female,大连,4
2014/11/16,航天,male,大连,0
2014/11/16,航天,female,大连,2
2014/11/16,航天,male,大连,14
2014/11/15,航天,female,大连,37
2014/11/15,航天,female,大连,1
2014/11/15,航天,male,大连,4
2014/11/14,航天,male,大连,10
2014/11/14,航天,male,大连,1
2014/11/14,航天,male,大连,3
2014/11/12,航天,female,大连,1
2014/11/12,母舰,male,大连,5
2014/11/12,母舰,female,大连,3
2014/11/11,母舰,male,大连,2
2014/11/11,母舰,female,大连,1
2014/11/11,母舰,male,大连,1
2014/11/10,母舰,female,大连,4
2014/11/10,母舰,female,大连,11
2014/11/10,母舰,male,大连,12
2014/11/9,母舰,male,大连,1
2014/11/9,母舰,female,大连,6
2014/11/9,母舰,female,大连,6
2014/11/8,母舰,male,大连,2
2014/11/8,母舰,female,大连,9
2014/11/8,母舰,male,大连,2
2014/11/7,母舰,female,大连,3
2014/11/7,母舰,male,大连,7
2014/11/7,母舰,female,大连,0
2014/11/6,母舰,female,大连,6
2014/11/6,母舰,male,大连,7
2014/11/6,母舰,male,大连,4
2014/11/2,母舰,male,大连,5
2014/11/2,母舰,male,大连,0
2014/11/2,母舰,male,大连,0
2014/9/28,母舰,female,大连,4
2014/9/28,母舰,male,大连,2
2014/9/28,母舰,female,大连,1
2014/9/21,母舰,female,大连,4
2014/9/21,母舰,female,大连,0
2014/9/21,母舰,male,大连,1
2014/9/8,母舰,female,大连,3
2014/9/8,母舰,female,大连,2
2014/9/8,母舰,female,大连,17
2014/8/7,母舰,female,大连,2
2014/8/7,母舰,female,大连,10
2014/8/7,母舰,female,上海,25
2014/8/5,母舰,female,上海,0
2014/8/5,母舰,female,上海,3
2014/8/5,母舰,male,上海,14
2014/8/4,母舰,female,上海,0
2014/8/4,母舰,male,上海,1
2014/8/4,母舰,female,上海,6
2014/8/3,母舰,male,上海,5
2014/8/3,母舰,male,上海,2
2014/8/3,母舰,male,上海,1
2014/8/2,母舰,male,上海,1
2014/8/2,母舰,female,上海,12
2014/8/2,母舰,female,上海,0
2014/8/1,母舰,male,上海,8
2014/8/1,母舰,male,上海,30
2014/8/1,母舰,female,上海,4
2014/7/31,母舰,female,上海,10
2014/7/31,母舰,male,上海,3
2014/7/31,日剧,male,上海,7
2014/7/29,日剧,male,上海,4
2014/7/29,日剧,female,上海,2
2014/7/29,日剧,male,上海,44
2014/7/28,日剧,female,上海,11
2014/7/28,日剧,male,上海,23
2014/7/28,日剧,male,上海,1
2014/11/13,日剧,female,上海,7
2014/11/17,日剧,female,上海,0
2014/11/15,日剧,female,上海,0
2014/11/15,日剧,female,上海,4
2014/11/14,日剧,female,上海,11
2014/11/13,日剧,female,上海,3
2014/11/13,日剧,male,上海,11
2014/11/13,料理,male,上海,4
2014/11/12,料理,female,上海,0
2014/11/9,料理,male,上海,2
2014/11/9,料理,female,上海,3
2014/11/8,料理,male,上海,21
2014/11/6,料理,male,上海,12
2014/11/5,料理,female,上海,5
2014/11/3,料理,male,上海,2
2014/11/3,料理,male,上海,1
2014/11/3,料理,female,上海,3
2014/10/18,料理,female,武汉,9
2014/10/18,料理,male,武汉,5
2014/10/18,料理,male,武汉,19
2014/10/17,料理,female,武汉,8
2014/10/17,料理,female,武汉,1
2014/10/16,料理,male,武汉,8
2014/10/16,料理,male,武汉,10
2014/10/15,料理,male,武汉,13
2014/10/15,料理,male,武汉,8
2014/10/15,料理,female,武汉,17
2014/10/15,料理,male,武汉,1
2014/10/15,料理,female,武汉,2
2014/10/15,料理,male,武汉,1
2014/10/15,料理,female,武汉,16
2014/10/13,料理,female,武汉,1
2014/10/11,料理,female,武汉,8
2014/10/11,料理,female,武汉,2
2014/10/11,股票,female,武汉,18278
2014/10/11,股票,female,武汉,472
2014/10/11,股票,male,武汉,2864
2014/10/10,股票,female,武汉,1825
2014/10/10,股票,male,武汉,1684
2014/10/10,股票,male,武汉,266
2014/10/9,股票,female,武汉,2143
2014/10/9,股票,male,武汉,35
2014/10/8,股票,male,武汉,4158
2014/10/8,股票,female,武汉,3814
2014/9/17,股票,female,武汉,1213
2014/9/16,股票,male,武汉,1210
2014/9/16,股票,female,武汉,1065
2014/9/15,股票,male,武汉,1017
2014/9/15,股票,female,武汉,1006
2014/9/13,股票,female,武汉,1104
2014/9/6,美金,male,武汉,1070
2014/8/4,美金,male,武汉,1246
2014/8/3,美金,female,武汉,6130
2014/8/3,美金,female,武汉,3228
2014/8/2,美金,male,武汉,10037
2014/8/2,美金,female,武汉,1136
2014/8/2,美金,male,武汉,1019
2014/8/2,美金,male,湖南,1106
2014/8/2,美金,male,湖南,404
2014/8/2,美金,female,湖南,1032
2014/8/2,美金,female,湖南,8457
2014/8/2,美金,female,湖南,2701
2014/8/1,美金,female,湖南,1460
2014/8/1,微商,male,湖南,1015
2014/8/1,微商,female,湖南,1173
2014/7/31,微商,female,湖南,1780
2014/7/29,微商,female,湖南,2218
2014/7/26,微商,female,湖南,1030
2014/7/26,微商,female,湖南,3926
2014/7/26,微商,male,湖南,1634
2014/7/26,微商,female,湖南,1027
2014/7/25,微商,female,湖南,5107
2014/7/25,微商,female,湖南,3397
2014/7/25,微商,male,湖南,16291
2014/7/25,微商,female,湖南,1076
2014/7/25,微商,female,湖南,1294
2014/7/25,鞋店,female,湖南,1085
2014/7/24,鞋店,female,湖南,1096
2014/7/23,鞋店,male,湖南,5332
2014/7/23,鞋店,male,湖南,3338
2014/7/23,鞋店,female,湖南,4759
2014/7/23,鞋店,female,湖南,1376
2014/7/23,鞋店,male,湖南,1081
2014/7/23,鞋店,male,湖南,2457
2014/7/22,鞋店,female,湖南,4070
2014/7/22,鞋店,female,湖南,2307
2014/7/22,鞋店,male,湖南,1260
2014/7/22,鞋店,female,湖南,2184
2014/7/22,鞋店,female,湖南,200
2014/7/22,鞋店,female,湖南,7118
2014/7/24,鞋店,female,湖南,1147
2014/7/24,鞋店,female,湖南,1847
2014/7/24,鞋店,female,湖南,3952
2014/7/24,鞋店,male,湖南,2067
2014/7/24,鞋店,female,湖南,9199
2014/7/24,鞋店,male,湖南,1177
2014/6/6,鞋店,male,湖南,1648
2014/6/3,全球化,female,湖南,12336
2014/6/2,全球化,female,湖南,4323
2014/6/2,全球化,female,湖南,2680
2014/6/2,全球化,female,湖南,1095
2014/6/2,全球化,female,湖南,1158
2014/6/2,全球化,male,湖北,2075
2014/6/2,全球化,male,湖北,1310
2014/6/2,全球化,female,湖北,4463
2014/6/2,全球化,male,湖北,1113
2014/6/2,全球化,male,湖北,2777
2014/6/2,全球化,female,湖北,1238
2014/6/2,全球化,male,湖北,1701
2014/6/1,全球化,male,湖北,2524
2014/6/1,全球化,female,湖北,1398
2014/6/1,全球化,female,湖北,1323
2014/6/1,全球化,male,湖北,3859
2014/6/1,全球化,female,湖北,5300
2014/6/1,全球化,female,湖北,1396
2014/6/1,养生,female,湖北,1998
2014/6/1,养生,male,湖北,1091
2014/6/1,养生,male,湖北,4965
2014/6/1,养生,female,湖北,2509
2014/6/1,养生,male,湖北,5139
2014/6/1,养生,female,湖北,1337
2014/6/1,养生,female,湖北,1116
2014/6/1,养生,female,湖北,1616
2014/6/1,养生,male,湖北,4658
2014/6/1,养生,female,湖北,566
2014/6/1,养生,female,湖北,3890
2014/6/1,养生,male,湖北,1061
2014/6/1,养生,male,湖北,1433
2014/6/1,养生,female,湖北,1250
2014/6/1,养生,female,湖北,4048
2014/6/1,养生,female,湖北,2236
2014/6/1,养生,female,湖北,3791
2014/6/1,中秋节,male,湖北,5703
2014/6/1,中秋节,male,湖北,1076
2014/6/1,中秋节,female,湖北,2074
2014/6/1,中秋节,male,湖北,5162
2014/5/29,中秋节,male,湖北,3978
2014/5/29,中秋节,female,湖北,1680
2014/5/29,中秋节,female,湖北,4925
2014/5/29,中秋节,female,湖北,1835
2014/5/29,中秋节,female,厦门,1386
2014/5/29,中秋节,female,厦门,4304
2014/5/29,中秋节,female,厦门,1859
2014/5/29,中秋节,male,厦门,5230
2014/5/29,中秋节,male,厦门,3213
2014/5/29,中秋节,male,厦门,1127
2014/5/29,中秋节,female,厦门,5780
2014/5/29,中秋节,female,厦门,1118
2014/5/29,中秋节,female,厦门,2733
2014/5/29,中秋节,female,厦门,1078
2014/5/29,兰博基尼,male,厦门,1086
2014/5/26,兰博基尼,female,厦门,1172
2014/5/26,兰博基尼,female,厦门,1891
2014/5/26,兰博基尼,female,厦门,4933
2014/5/26,兰博基尼,male,厦门,3673
2014/5/26,兰博基尼,male,厦门,1260
2014/5/26,兰博基尼,male,厦门,1759
2014/5/26,兰博基尼,male,厦门,4829
2014/5/26,兰博基尼,male,厦门,8276
2014/5/26,兰博基尼,male,厦门,2040
2014/5/26,兰博基尼,female,厦门,1315
2014/5/26,兰博基尼,female,厦门,3406
2014/5/26,兰博基尼,male,厦门,3866
2014/5/26,兰博基尼,male,厦门,1105
2014/5/26,兰博基尼,male,厦门,1234
2014/5/26,兰博基尼,female,厦门,1375
2014/5/26,兰博基尼,female,厦门,5735
2014/5/9,兰博基尼,male,厦门,1156
2014/5/9,兰博基尼,male,厦门,21123
2014/5/9,兰博基尼,female,厦门,184
2014/11/15,兰博基尼,female,厦门,206
2014/11/17,兰博基尼,female,厦门,170
2014/11/17,兰博基尼,female,厦门,1194
2014/11/17,兰博基尼,male,厦门,509
2014/11/17,健身,female,厦门,106
2014/11/17,健身,female,厦门,157
2014/11/16,健身,female,厦门,187
2014/11/16,健身,male,厦门,1647
2014/11/16,健身,female,厦门,3068
2014/11/16,健身,female,厦门,153
2014/11/16,健身,female,厦门,151
2014/11/16,健身,male,厦门,51
2014/11/16,健身,female,厦门,102
2014/11/16,健身,female,厦门,95
2014/11/16,健身,male,厦门,44
2014/11/15,健身,female,厦门,58
2014/11/15,健身,female,厦门,1050
2014/11/15,健身,male,厦门,136
2014/11/15,健身,female,江西,93
2014/11/15,健身,male,江西,97
2014/11/15,健身,female,江西,55
2014/11/15,社区医疗,female,江西,118
2014/11/15,社区医疗,male,江西,19
2014/11/14,社区医疗,male,江西,399
2014/11/14,社区医疗,female,江西,80
2014/11/14,社区医疗,female,江西,99
2014/11/14,社区医疗,female,江西,752
2014/11/14,社区医疗,male,江西,834
2014/11/14,社区医疗,male,江西,53
2014/11/14,社区医疗,female,江西,182
2014/11/14,社区医疗,male,江西,46
2014/11/14,社区医疗,male,江西,28
2014/11/13,社区医疗,female,江西,10
2014/11/13,社区医疗,female,江西,73
2014/11/13,社区医疗,female,江西,414
2014/11/13,社区医疗,female,江西,191
2014/11/13,社区医疗,female,江西,4
2014/11/13,比赛,female,江西,91
2014/11/13,比赛,male,江西,633
2014/11/13,比赛,male,江西,168
2014/11/13,比赛,male,江西,49
2014/11/12,比赛,female,江西,27
2014/11/12,比赛,female,江西,99
2014/11/12,比赛,female,江西,1488
2014/11/12,比赛,male,江西,20
2014/11/12,比赛,female,江西,66
2014/11/12,比赛,male,江西,116
2014/11/12,比赛,female,江西,43
2014/11/11,戏剧,female,江西,242
2014/11/11,戏剧,female,江西,168
2014/11/11,戏剧,female,江西,290
2014/11/11,戏剧,male,江西,17
2014/11/11,戏剧,male,江西,114
2014/11/11,戏剧,male,江西,345
2014/11/11,戏剧,female,江西,271
2014/11/11,戏剧,female,江西,46
2014/11/10,戏剧,female,江西,119
2014/11/10,戏剧,male,江西,110
2014/11/10,戏剧,female,江西,20
2014/11/10,戏剧,female,江西,20
2014/11/10,戏剧,male,新疆,1563
2014/11/10,戏剧,male,新疆,35
2014/11/10,戏剧,male,新疆,19
2014/11/10,戏剧,female,新疆,137
2014/11/10,综艺,female,新疆,32
2014/11/9,综艺,male,新疆,2236
2014/11/9,综艺,male,新疆,103
2014/11/9,综艺,male,新疆,136
2014/11/9,综艺,female,新疆,43
2014/11/9,综艺,female,新疆,7
2014/11/9,综艺,female,新疆,59
2014/11/9,综艺,female,新疆,15
2014/11/9,综艺,male,新疆,612
2014/11/9,综艺,female,新疆,60
2014/11/9,综艺,female,新疆,20
2014/11/8,综艺,female,新疆,21
2014/11/8,综艺,male,新疆,81
2014/11/8,综艺,female,新疆,46
2014/11/8,综艺,male,新疆,40
2014/11/8,综艺,female,新疆,63
2014/11/8,综艺,male,新疆,48
2014/11/8,综艺,female,新疆,32
2014/11/8,动漫,female,新疆,158
2014/11/8,动漫,male,新疆,26
2014/11/7,动漫,male,新疆,231
2014/10/31,动漫,female,新疆,51
2014/11/17,动漫,female,新疆,25
2014/11/17,动漫,male,新疆,39
2014/11/17,动漫,female,新疆,31
2014/11/16,动漫,male,新疆,242
2014/11/16,动漫,male,新疆,78
2014/11/16,动漫,female,新疆,1098
2014/11/16,动漫,male,新疆,72
2014/11/16,动漫,female,新疆,91
2014/11/16,动漫,female,新疆,214
2014/11/16,动漫,female,新疆,61
2014/11/16,动漫,female,新疆,28
2014/11/15,马拉松,female,新疆,978
2014/11/15,马拉松,male,新疆,43
2014/11/15,马拉松,male,新疆,30
2014/11/15,马拉松,female,新疆,63
2014/11/15,马拉松,male,新疆,16
2014/11/14,马拉松,female,新疆,18
2014/11/14,马拉松,female,新疆,10
2014/11/13,马拉松,female,新疆,44
2014/11/13,马拉松,male,新疆,38
2014/11/13,马拉松,female,新疆,14
2014/11/13,马拉松,male,新疆,10
2014/11/13,马拉松,male,新疆,79
2014/11/12,马拉松,male,新疆,70
2014/11/11,马拉松,male,新疆,128
2014/11/11,马拉松,female,新疆,47
2014/11/10,马拉松,male,新疆,14
2014/11/9,马拉松,female,新疆,11
2014/11/8,天秤座,male,新疆,19
2014/11/8,天秤座,female,新疆,2
2014/11/8,天秤座,male,新疆,15
2014/11/8,天秤座,female,新疆,3
2014/11/8,天秤座,male,新疆,5
2014/11/8,天秤座,male,新疆,13
2014/11/8,天秤座,male,新疆,30
2014/11/8,天秤座,male,新疆,22
2014/11/7,天秤座,female,新疆,50
2014/11/7,天秤座,female,新疆,31
2014/11/6,天秤座,female,甘肃,146
2014/11/6,天秤座,male,甘肃,64
2014/11/6,天秤座,male,甘肃,78
2014/11/6,天秤座,male,甘肃,24
2014/11/5,天秤座,male,甘肃,29
2014/11/5,天秤座,male,甘肃,33
2014/11/4,天秤座,male,甘肃,253
2014/11/3,天秤座,male,甘肃,30
2014/10/31,天秤座,male,甘肃,71
2014/10/31,强迫症,female,甘肃,5235
2014/10/31,强迫症,male,甘肃,148
2014/10/28,强迫症,female,甘肃,482
2014/10/26,强迫症,male,甘肃,1684
2014/10/24,强迫症,male,甘肃,69
2014/10/22,强迫症,female,甘肃,767
2014/10/20,强迫症,female,甘肃,310
2014/10/17,强迫症,male,甘肃,721
2014/10/17,强迫症,male,甘肃,530
2014/10/15,强迫症,female,甘肃,799
2014/10/4,强迫症,female,甘肃,885
2014/10/2,打卡上班,female,甘肃,2289
2014/9/23,打卡上班,female,甘肃,2773
2014/9/22,打卡上班,female,甘肃,463
2014/9/21,打卡上班,male,甘肃,118
2014/9/18,打卡上班,female,甘肃,613
2014/9/16,打卡上班,female,甘肃,69
2014/9/16,打卡上班,male,甘肃,8
2014/9/15,打卡上班,male,甘肃,2688
2014/9/14,打卡上班,female,甘肃,293
2014/9/9,打卡上班,male,甘肃,2274
2014/9/6,打卡上班,male,甘肃,8
2014/9/6,打卡上班,female,甘肃,15
2014/9/6,打卡上班,female,甘肃,25
2014/8/21,打卡上班,female,甘肃,92
2014/8/2,打卡上班,female,甘肃,655
2014/7/29,打卡上班,male,甘肃,807
2014/7/29,打卡上班,female,甘肃,1023
2014/7/23,打卡上班,male,甘肃,29
2014/7/23,打卡上班,female,甘肃,645
2014/7/20,打卡上班,male,甘肃,293
2014/7/7,打卡上班,male,甘肃,26
2014/7/6,打卡上班,male,甘肃,693
2014/7/4,打卡上班,female,甘肃,68
2014/7/3,打卡上班,female,甘肃,3
2014/7/3,企业化,male,甘肃,4
2014/7/1,企业化,female,甘肃,0
2014/6/30,企业化,male,甘肃,4
2014/6/30,企业化,male,甘肃,8
2014/6/29,企业化,female,甘肃,18
2014/6/27,企业化,male,甘肃,108
2014/6/26,企业化,male,甘肃,1989
2014/11/10,企业化,male,甘肃,86
2014/11/10,企业化,male,甘肃,13
2014/11/10,企业化,female,甘肃,464
2014/11/10,企业化,male,甘肃,5
2014/11/9,企业化,male,甘肃,121
2014/11/7,企业化,male,甘肃,6
2014/11/7,企业化,male,甘肃,9
2014/11/7,企业化,female,甘肃,2
2014/11/7,企业化,female,甘肃,14
2014/11/6,企业化,male,甘肃,16
2014/11/6,企业化,male,甘肃,6
2014/11/6,企业化,female,辽宁,617
2014/11/5,企业化,female,辽宁,24
2014/10/20,企业化,female,辽宁,349
2014/10/16,企业化,female,辽宁,461
2014/10/13,企业化,female,辽宁,9
2014/10/9,企业化,female,辽宁,1092
2014/11/16,企业化,female,辽宁,7
2014/11/12,企业化,male,辽宁,50
2014/11/12,企业化,female,辽宁,393
2014/11/12,非线性,female,辽宁,4221
2014/11/12,非线性,female,辽宁,432
2014/11/12,非线性,female,辽宁,1610
2014/11/12,非线性,female,辽宁,298
2014/11/12,非线性,female,辽宁,51
2014/11/12,非线性,female,辽宁,44
2014/11/12,非线性,male,辽宁,545
2014/11/12,非线性,female,辽宁,201
2014/11/12,非线性,male,辽宁,865
2014/11/12,非线性,male,辽宁,41
2014/11/11,非线性,female,辽宁,1920
2014/11/11,非线性,female,辽宁,34
2014/11/11,非线性,male,辽宁,496
2014/11/11,非线性,female,辽宁,17
2014/11/11,非线性,male,辽宁,156
2014/11/10,非线性,male,辽宁,141
2014/11/7,非线性,female,辽宁,610
2014/11/7,非线性,female,辽宁,16
2014/11/2,非线性,female,辽宁,862
2014/11/1,非线性,female,辽宁,329
2014/10/25,非线性,female,辽宁,1570
2014/10/25,非线性,female,辽宁,2798
2014/10/24,非线性,male,辽宁,365
2014/10/24,非线性,female,辽宁,1024
2014/10/23,非线性,male,辽宁,425
2014/10/20,非线性,male,辽宁,2789
2014/10/19,非线性,female,辽宁,3924
2014/10/19,非线性,male,辽宁,417
2014/10/19,非线性,male,辽宁,411
2014/10/19,非线性,female,辽宁,1723
2014/10/18,非线性,female,辽宁,20
2014/10/16,非线性,female,辽宁,1970
2014/10/14,非线性,female,辽宁,3023
2014/10/14,非线性,male,辽宁,1021
2014/10/14,非线性,female,河北,1943
2014/10/13,非线性,female,河北,1650
2014/10/13,非线性,male,河北,2448
2014/10/11,非线性,female,河北,1181
2014/10/11,非线性,female,河北,494
2014/10/9,非线性,female,河北,311
2014/10/8,非线性,female,河北,351
2014/10/8,非线性,female,河北,213
2014/10/7,非线性,female,河北,106
2014/10/6,非线性,female,河北,559
2014/10/6,非线性,female,河北,171
2014/10/6,非线性,female,河北,47
2014/10/3,非线性,female,河北,76
2014/10/3,非线性,female,河北,810
2014/10/2,非线性,female,河北,189
2014/10/2,非线性,female,河北,36
2014/9/30,非线性,male,河北,680
2014/9/30,非线性,female,河北,60
2014/9/30,非线性,female,河北,915
2014/9/29,非线性,female,河北,471
2014/9/28,非线性,female,河北,20
2014/9/28,非线性,female,河北,319
2014/9/28,非线性,female,河北,1318
2014/9/28,非线性,male,河北,30
2014/9/26,非线性,female,河北,636
2014/9/26,非线性,female,河北,403
2014/9/26,非线性,male,河北,382
2014/9/26,非线性,female,河北,761
2014/9/26,非线性,female,河北,1330
2014/9/26,家乐福,female,河北,1510
2014/9/25,家乐福,female,河北,1466
2014/9/25,家乐福,female,河北,346
2014/9/25,家乐福,female,河北,20
2014/9/25,家乐福,male,河北,1451
2014/9/24,家乐福,male,河北,843
2014/9/24,家乐福,male,河北,242
2014/9/23,家乐福,female,河北,49
2014/9/23,家乐福,female,河北,671
2014/9/23,家乐福,female,河北,524
2014/9/23,家乐福,male,河北,28
2014/9/23,家乐福,female,河北,82
2014/9/20,家乐福,male,河北,91
2014/9/20,家乐福,male,河北,87
2014/9/20,家乐福,male,河北,53
2014/9/20,家乐福,female,河北,67
2014/9/19,家乐福,female,河北,32
2014/9/19,家乐福,female,宁夏,50
2014/9/18,家乐福,female,宁夏,167
2014/9/16,超市发,female,宁夏,88
2014/9/15,超市发,male,宁夏,60
2014/9/13,超市发,female,宁夏,53
2014/9/13,超市发,male,宁夏,35
2014/9/13,超市发,female,宁夏,48
2014/10/30,超市发,male,宁夏,106
2013/7/1,超市发,female,宁夏,74
2014/11/15,超市发,female,宁夏,37
2014/11/1,超市发,male,宁夏,666
2014/10/25,超市发,male,宁夏,32
2014/10/24,超市发,female,宁夏,54
2014/10/21,超市发,male,宁夏,112
2014/10/20,超市发,male,宁夏,49
2014/10/6,超市发,male,宁夏,57
2014/10/3,超市发,female,宁夏,254
2014/10/3,超市发,female,宁夏,137
2014/10/3,超市发,male,宁夏,78
2014/10/1,超市发,male,宁夏,31
2014/9/28,超市发,male,宁夏,71
2014/9/25,超市发,male,宁夏,30
2014/9/24,超市发,male,宁夏,73
2014/9/24,超市发,female,宁夏,151
2014/9/23,超市发,female,宁夏,98
2014/9/21,超市发,female,宁夏,113
2014/9/21,超市发,female,宁夏,20
2014/9/21,超市发,female,宁夏,83
2014/9/18,超市发,female,宁夏,131
2014/9/18,超市发,female,宁夏,65
2014/9/18,超市发,male,宁夏,26
2014/9/18,超市发,female,宁夏,58
2014/9/18,超市发,male,宁夏,33
2014/9/17,超市发,female,宁夏,34
2014/9/17,超市发,male,宁夏,460
2014/9/17,超市发,female,宁夏,29
2014/9/14,超市发,female,宁夏,141
2014/9/14,超市发,female,宁夏,83
2014/9/12,超市发,male,宁夏,100
2014/9/9,超市发,male,宁夏,161
2014/9/9,超市发,male,宁夏,200
2014/9/9,超市发,female,宁夏,220
2014/9/9,超市发,female,宁夏,184
2014/9/9,超市发,female,宁夏,71
2014/9/9,超市发,female,宁夏,189
2014/9/8,超市发,female,宁夏,50
2014/9/8,超市发,female,宁夏,118
2014/9/8,超市发,male,宁夏,90
2014/9/7,超市发,male,宁夏,50
2014/9/7,超市发,male,宁夏,73
2014/9/7,超市发,female,宁夏,165
2014/9/6,超市发,male,宁夏,117
2014/9/6,超市发,female,重庆,248
2014/9/5,超市发,female,重庆,87
2014/9/5,超市发,male,重庆,77
2014/9/5,超市发,female,重庆,104
2014/9/2,超市发,male,重庆,227
2014/9/2,超市发,male,重庆,93
2014/9/2,物美,female,重庆,155
2014/9/2,物美,female,重庆,81
2014/8/30,物美,male,重庆,193
2014/8/30,物美,male,重庆,96
2014/8/30,物美,male,重庆,79
2014/8/30,物美,male,重庆,148
2014/8/30,物美,female,重庆,253
2014/8/30,物美,female,重庆,169
2014/8/29,物美,female,重庆,39
2014/8/27,物美,male,重庆,47
2014/8/27,物美,female,重庆,207
2014/8/27,物美,female,重庆,158
2014/8/27,物美,female,重庆,287
2014/8/25,物美,female,重庆,131
2014/8/24,物美,male,重庆,95
2014/8/24,物美,male,重庆,117
2014/8/24,物美,female,重庆,197
2014/8/23,物美,female,重庆,118
2014/8/22,物美,male,重庆,67
2014/8/22,巴沙鱼,male,重庆,111
2014/8/22,巴沙鱼,male,重庆,65
2014/8/21,巴沙鱼,female,重庆,229
2014/8/20,巴沙鱼,female,重庆,112
2014/8/20,巴沙鱼,female,重庆,372
2014/8/20,巴沙鱼,female,重庆,867
2014/8/20,巴沙鱼,male,重庆,128
2014/8/20,巴沙鱼,male,重庆,64
2014/8/20,巴沙鱼,male,重庆,742
2014/8/20,巴沙鱼,male,重庆,184
2014/8/20,巴沙鱼,female,重庆,35
2014/8/19,巴沙鱼,female,重庆,22
2014/8/19,巴沙鱼,female,重庆,73
2014/8/19,巴沙鱼,female,重庆,122
2014/8/18,巴沙鱼,male,重庆,111
2014/8/18,巴沙鱼,male,重庆,105
2014/8/18,巴沙鱼,male,重庆,143
2014/8/18,巴沙鱼,male,重庆,74
2014/8/18,巴沙鱼,male,重庆,66
2014/8/18,巴沙鱼,female,重庆,63
2014/8/18,巴沙鱼,female,重庆,95
2014/8/18,金枪鱼,female,重庆,35
2014/10/29,金枪鱼,female,重庆,15
2014/11/11,金枪鱼,female,重庆,4
2014/11/11,金枪鱼,male,重庆,73
2014/11/11,金枪鱼,male,重庆,98
2014/11/11,金枪鱼,female,重庆,15
2014/11/10,金枪鱼,female,重庆,31
2014/11/9,金枪鱼,male,重庆,22
2014/11/9,金枪鱼,female,重庆,161
2014/11/9,金枪鱼,male,重庆,31
2014/11/9,金枪鱼,female,重庆,16
2014/11/7,金枪鱼,male,重庆,29
2014/11/7,金枪鱼,female,重庆,29
2014/11/7,金枪鱼,male,重庆,8
2014/11/6,金枪鱼,male,重庆,25
2014/11/6,金枪鱼,male,重庆,15
2014/11/6,金枪鱼,female,重庆,11
2014/11/6,金枪鱼,female,湘潭,61
2014/11/6,金枪鱼,female,湘潭,18
2014/11/5,金枪鱼,male,湘潭,18
2014/11/5,金枪鱼,male,湘潭,25
2014/11/5,金枪鱼,female,湘潭,164
2014/11/5,金枪鱼,male,湘潭,721
2014/11/5,金枪鱼,male,湘潭,160
2014/11/5,金枪鱼,female,湘潭,105
2014/11/4,金枪鱼,male,湘潭,32
2014/11/4,金枪鱼,male,湘潭,29
2014/11/4,金枪鱼,female,湘潭,107
2014/11/4,金枪鱼,male,湘潭,85
2014/11/4,金枪鱼,female,湘潭,7578
2014/11/3,金枪鱼,female,湘潭,152
2014/11/3,金枪鱼,male,湘潭,180
2014/11/3,金枪鱼,female,湘潭,824
2014/11/3,金枪鱼,female,湘潭,145
2014/11/3,金枪鱼,male,湘潭,498
2014/11/3,金枪鱼,female,湘潭,529
2014/11/3,金枪鱼,male,湘潭,1863
2014/11/2,金枪鱼,female,湘潭,373
2014/11/2,金枪鱼,female,湘潭,118
2014/11/1,金枪鱼,male,湘潭,87
2014/11/1,平鱼,male,湘潭,156
2014/11/1,平鱼,male,湘潭,107
2014/11/1,平鱼,male,湘潭,166
2014/10/31,平鱼,male,湘潭,65
2014/10/29,平鱼,male,湘潭,340
2014/10/29,平鱼,male,湘潭,56
2014/10/29,平鱼,male,湘潭,106
2014/10/28,平鱼,female,湘潭,57
2014/10/27,平鱼,male,湘潭,61
2014/10/27,平鱼,male,湘潭,20
2014/10/27,平鱼,male,湘潭,60
2014/10/27,平鱼,female,湘潭,65
2014/10/27,平鱼,female,湘潭,57
2014/10/26,平鱼,male,湘潭,148
2014/10/26,平鱼,male,湘潭,205
2014/10/26,平鱼,male,湘潭,202
2014/10/26,平鱼,male,湘潭,119
2014/10/25,平鱼,male,湘潭,198
2014/10/24,平鱼,male,湘潭,143
2014/10/22,平鱼,female,湘潭,344
2014/10/20,平鱼,female,湘潭,181
2014/11/15,平鱼,male,湘潭,227
2014/11/12,平鱼,male,湘潭,37
2014/11/6,平鱼,female,湘潭,123
2014/11/3,平鱼,male,湘潭,163
2014/10/31,平鱼,female,湘潭,2256
2014/10/30,平鱼,female,湘潭,71
2014/10/30,金鱼,female,湘潭,251
2014/10/29,金鱼,female,湘潭,137
2014/10/23,金鱼,female,湘潭,168
2014/10/22,金鱼,female,湘潭,146
2014/10/22,金鱼,male,湘潭,118
2014/10/20,金鱼,female,湘潭,51
2014/10/19,金鱼,male,湘潭,86
2014/10/12,金鱼,male,湘潭,44
2014/10/9,金鱼,female,湘潭,126
2014/10/9,金鱼,female,湘潭,78
2014/10/8,金鱼,female,湘潭,139
2014/10/8,金鱼,male,湘潭,58
2014/10/8,金鱼,male,湘潭,61
2014/10/7,金鱼,male,烟台,50
2014/10/6,金鱼,female,烟台,78
2014/10/6,金鱼,male,烟台,170
2014/10/6,金鱼,male,烟台,54
2014/10/3,金鱼,female,烟台,154
2014/10/3,金鱼,female,烟台,192
2014/10/3,金鱼,female,烟台,67
2014/10/2,甲醛,female,烟台,123
2014/10/2,甲醛,female,烟台,358
2014/10/1,甲醛,male,烟台,385
2014/9/30,甲醛,male,烟台,312
2014/9/30,甲醛,male,烟台,70
2014/9/29,甲醛,female,烟台,173
2014/9/29,甲醛,female,烟台,2264
2014/9/29,甲醛,male,烟台,131
2014/9/28,甲醛,female,烟台,116
2014/9/28,甲醛,female,烟台,101
2014/9/28,甲醛,male,烟台,106
2014/9/27,甲醛,female,烟台,247
2014/9/26,甲醛,female,烟台,1660
2014/9/24,甲醛,male,烟台,128
2014/9/24,甲醛,female,烟台,955
2014/9/23,甲醛,male,烟台,110
2014/9/23,甲醛,female,烟台,66
2014/9/23,甲醛,male,烟台,65
2014/9/23,甲醛,male,烟台,120
2014/9/23,甲醛,male,烟台,201
2014/9/22,甲醛,male,烟台,179
2014/9/22,甲醛,male,烟台,308
2014/9/21,甲醛,male,烟台,189
2014/9/21,甲醛,male,烟台,162
2014/9/21,装修,male,烟台,5437
2014/9/18,装修,female,烟台,70
2014/9/17,装修,male,烟台,60
2014/9/17,装修,male,烟台,81
2014/9/16,装修,male,烟台,160
2014/9/16,装修,male,烟台,108
2014/9/15,装修,female,烟台,96
2014/9/14,装修,male,烟台,809
2014/9/14,装修,male,烟台,256
2014/9/12,装修,male,烟台,743
2014/9/12,装修,male,烟台,1166
2014/9/12,装修,male,烟台,651
2014/9/12,装修,male,烟台,1639
2014/9/12,装修,female,烟台,351
2014/9/10,装修,female,烟台,308
2014/9/9,装修,female,烟台,588
2014/9/8,装修,female,烟台,540
2014/9/7,装修,female,烟台,252
2014/9/5,装修,male,烟台,288
2014/9/4,装修,female,烟台,407
2014/9/3,装修,male,烟台,32545
2014/9/2,装修,female,烟台,846
2014/9/1,装修,female,烟台,489
2014/8/31,装修,male,烟台,532
2014/8/31,装修,female,烟台,627
2014/8/31,装修,female,烟台,663
2014/8/30,装修,male,烟台,395
2014/8/30,装修,female,烟台,966
2014/8/29,装修,female,烟台,998
2014/8/29,代码,female,烟台,550
2014/8/29,代码,female,烟台,572
2014/8/28,代码,female,烟台,402
2014/8/28,代码,female,烟台,630
2014/8/28,代码,female,烟台,80
2014/8/27,代码,female,烟台,243
2014/8/27,代码,female,内蒙古,169
2014/8/27,代码,female,内蒙古,188
2014/8/27,代码,female,内蒙古,311
2014/8/27,代码,male,内蒙古,148
2014/11/3,代码,female,内蒙古,178
2014/11/12,代码,female,内蒙古,211
2014/11/7,代码,male,内蒙古,85
2014/11/7,代码,male,内蒙古,211
2014/11/7,代码,male,内蒙古,213
2014/11/5,代码,male,内蒙古,225
2014/11/4,代码,male,内蒙古,137
2014/11/3,代码,female,内蒙古,213
2014/11/3,代码,female,内蒙古,238
2014/10/31,工程师,male,内蒙古,207
2014/10/28,工程师,female,内蒙古,211
2014/10/18,工程师,female,内蒙古,209
2014/10/17,工程师,male,内蒙古,246
2014/10/17,工程师,male,内蒙古,312
2014/10/17,工程师,female,内蒙古,116366
2014/10/16,工程师,female,内蒙古,26834
2014/10/16,工程师,female,内蒙古,30693
2014/10/16,工程师,female,内蒙古,11124
2014/10/16,工程师,female,内蒙古,6737
2014/10/15,工程师,female,内蒙古,34119
2014/10/15,工程师,female,内蒙古,17418
2014/10/15,工程师,male,内蒙古,5269
2014/10/14,工程师,female,内蒙古,13524
2014/10/10,工程师,male,内蒙古,30974
2014/10/10,工程师,female,内蒙古,17427
2014/10/10,工程师,female,内蒙古,8565
2014/10/9,工程师,female,内蒙古,27852
2014/10/8,工程师,male,内蒙古,17581
2014/10/7,工程师,female,内蒙古,18568
2014/9/30,工程师,female,内蒙古,1076
2014/9/30,工程师,female,内蒙古,20302
2014/9/28,工程师,female,内蒙古,13025
2014/9/28,工程师,female,内蒙古,11460
2014/9/28,工程师,female,内蒙古,18258
2014/9/28,工程师,female,内蒙古,16627
2014/9/28,工程师,male,内蒙古,3878
2014/9/26,工程师,male,内蒙古,17262
2014/9/24,工程师,female,内蒙古,4460
2014/9/24,工程师,male,内蒙古,39652
2014/9/24,工程师,female,内蒙古,2897
2014/9/23,工程师,female,内蒙古,4490
2014/9/23,工程师,female,内蒙古,3897
2014/9/23,工程师,female,内蒙古,3742
2014/9/23,工程师,female,内蒙古,6189
2014/9/23,工程师,female,内蒙古,10548
2014/9/23,工程师,male,内蒙古,1920
2014/9/23,工程师,female,内蒙古,3662
2014/9/20,工程师,male,内蒙古,5477
2014/9/20,工程师,female,内蒙古,2750
2014/9/19,工程师,female,内蒙古,5560
2014/9/19,工程师,female,内蒙古,2906
2014/9/19,工程师,male,内蒙古,8310
2014/9/19,数据库,female,内蒙古,14813
2014/9/19,数据库,female,内蒙古,52
2014/9/18,数据库,female,内蒙古,37
2014/9/18,数据库,female,内蒙古,6
2014/9/17,数据库,female,内蒙古,13
2014/9/16,数据库,female,内蒙古,13
2014/9/16,数据库,female,内蒙古,78
2014/9/12,数据库,female,内蒙古,6
2014/9/11,数据库,female,内蒙古,6
2014/9/11,数据库,female,内蒙古,6
2014/9/11,数据库,female,内蒙古,19
2014/9/10,数据库,female,内蒙古,17
2014/9/10,数据库,female,内蒙古,17
2014/9/10,数据库,female,台湾,38
2014/9/10,数据库,male,台湾,9
2014/9/10,数据库,female,台湾,13
2014/9/10,数据库,male,台湾,17
2014/9/9,数据库,female,台湾,21
2014/9/9,数据库,female,台湾,21
2014/9/9,数据库,female,台湾,16
2014/9/9,数据库,male,台湾,20
2014/9/9,宅男,female,台湾,38
2014/9/8,宅男,female,台湾,20
2014/9/5,宅男,female,台湾,57
2014/9/3,宅男,female,台湾,16
2014/9/1,宅男,female,台湾,13
2014/9/1,宅男,female,台湾,122
2014/9/1,宅男,female,台湾,21
2014/9/1,宅男,male,台湾,14
2014/9/1,宅男,female,台湾,20
2014/9/1,宅男,female,台湾,14
2014/8/21,宅男,female,台湾,20
2014/8/21,宅男,female,台湾,22
2014/8/20,宅男,male,台湾,35
2014/8/19,宅男,male,台湾,20
2014/8/19,宅男,male,台湾,35
2014/8/19,宅男,male,台湾,17
2014/11/12,宅男,female,台湾,28
2014/11/16,宅男,female,台湾,16
2014/11/16,宅男,female,台湾,143
2014/11/16,宅男,female,台湾,20
2014/11/16,宅男,female,台湾,40
2014/11/16,宅男,female,台湾,18
2014/11/16,宅男,female,台湾,16
2014/11/16,宅男,female,台湾,15
2014/11/16,宅男,male,台湾,19
2014/11/16,宅男,female,台湾,16
2014/11/15,宅男,female,台湾,15
2014/11/15,宅男,female,台湾,18
2014/11/15,宅男,female,台湾,20
2014/11/15,宅男,female,台湾,23
2014/11/15,宅男,male,台湾,15
2014/11/15,宅男,male,台湾,31
2014/11/15,宅男,male,台湾,7
2014/11/14,宅男,female,台湾,16
2014/11/14,宅男,female,台湾,17
2014/11/14,宅男,female,台湾,31
2014/11/14,宅男,female,台湾,25
2014/11/14,宅男,male,台湾,24
2014/11/14,宅男,male,台湾,32
2014/11/14,宅男,female,台湾,36
2014/11/14,宅男,female,台湾,17
2014/11/14,宅男,female,台湾,32
2014/11/13,大长腿,female,台湾,19
2014/11/13,大长腿,female,台湾,23
2014/11/13,大长腿,female,台湾,21
2014/11/13,大长腿,male,台湾,14
2014/11/13,大长腿,female,台湾,625
2014/11/12,大长腿,male,台湾,2848
2014/11/12,大长腿,female,台湾,15
2014/11/12,大长腿,male,台湾,7
2014/11/12,大长腿,female,台湾,34
2014/11/12,大长腿,male,台湾,16
2014/11/11,大长腿,female,台湾,29
2014/11/11,大长腿,female,台湾,19
2014/11/10,大长腿,female,台湾,24
2014/11/10,大长腿,female,台湾,25
2014/11/10,大长腿,female,台湾,12
2014/11/10,大长腿,female,台湾,22
2014/11/10,大长腿,male,台湾,18
2014/11/10,大长腿,female,台湾,20
2014/11/10,大长腿,male,台湾,50
2014/11/9,大长腿,male,台湾,30
2014/11/8,大长腿,female,台湾,20
2014/11/8,大长腿,female,台湾,26
2014/11/8,大长腿,female,安徽,500
2014/11/8,大长腿,female,安徽,34
2014/11/7,外协,female,安徽,22
2014/11/6,外协,female,安徽,17
2014/11/6,外协,female,安徽,22
2014/11/6,外协,male,安徽,32
2014/11/6,外协,male,安徽,29
2014/11/6,外协,female,安徽,13
2014/11/6,外协,female,安徽,33
2014/11/6,外协,female,安徽,40
2014/11/6,外协,female,安徽,35
2014/11/6,外协,female,安徽,21
2014/11/6,外协,male,安徽,24
2014/11/6,外协,female,安徽,589
2014/11/5,外协,male,安徽,37
2014/11/5,外协,male,安徽,24
2014/11/5,外协,female,安徽,28
2014/11/5,外协,female,安徽,44
2014/11/5,外协,female,安徽,19
2014/11/5,外协,female,安徽,20
2014/11/5,外协,female,安徽,9
2014/11/5,外协,female,安徽,18
2014/11/4,外协,female,安徽,42
2014/11/4,外协,male,安徽,26
2014/11/4,订外卖,female,安徽,25
2014/11/2,订外卖,female,安徽,32
2014/11/5,订外卖,male,安徽,30
2014/11/4,订外卖,male,安徽,23
2014/11/4,订外卖,female,安徽,15
2014/11/4,订外卖,female,安徽,22
2014/11/4,订外卖,male,安徽,22
2014/11/3,订外卖,female,安徽,18
2014/11/3,订外卖,female,安徽,52
2014/11/3,订外卖,female,安徽,34
2014/11/2,订外卖,female,安徽,190
2014/11/2,订外卖,female,安徽,36
2014/11/15,订外卖,female,安徽,52
2014/11/3,订外卖,female,安徽,16
2014/11/3,订外卖,female,安徽,15
2014/11/3,订外卖,female,安徽,12
2014/11/2,订外卖,female,安徽,16
2014/11/2,订外卖,female,安徽,13
2014/11/2,订外卖,female,安徽,13
2014/11/2,订外卖,female,安徽,27
2014/11/2,订外卖,male,安徽,31
2014/11/2,订外卖,female,安徽,18
2014/11/2,订外卖,female,安徽,17
2014/11/2,订外卖,female,安徽,16
2014/11/2,订外卖,female,安徽,19
2014/11/1,订外卖,female,安徽,16
2014/11/1,订外卖,female,安徽,93
2014/10/25,订外卖,male,安徽,50465
2014/11/15,订外卖,male,安徽,9231
2014/11/15,订外卖,female,安徽,8791
2014/11/15,订外卖,female,安徽,14170
2014/11/14,订外卖,male,安徽,7849
2014/11/14,订外卖,male,安徽,2002
2014/11/13,订外卖,male,安徽,35011
2014/11/12,订外卖,male,安徽,7186
2014/11/12,订外卖,male,安徽,10834
2014/11/11,订外卖,female,安徽,12720
2014/11/11,订外卖,male,安徽,2949
2014/11/11,订外卖,male,安徽,6712
2014/11/10,运动会,female,安徽,599
2014/11/9,运动会,female,安徽,2383
2014/11/8,运动会,female,安徽,4689
2014/11/8,运动会,female,安徽,9557
2014/11/8,运动会,female,湖南,514
2014/11/5,运动会,male,湖南,4236
2014/11/3,运动会,female,湖南,5964
2014/11/3,运动会,male,湖南,2908
2014/11/2,运动会,female,湖南,1236
2014/10/31,运动会,male,湖南,788
2014/10/31,运动会,male,湖南,6849
2014/10/31,运动会,female,湖南,4162
2014/10/30,运动会,male,湖南,10665
2014/10/28,运动会,male,湖南,11479
2014/10/28,运动会,female,湖南,33754
2014/10/27,运动会,female,湖南,5049
2014/10/22,运动会,male,湖南,8622
2014/10/20,运动会,female,湖南,32269
2014/10/17,运动会,male,湖南,11333
2014/10/17,运动会,male,湖南,1885
2014/10/15,运动会,male,湖南,2725
2014/10/15,运动会,female,湖南,6950
2014/10/15,礼服,male,湖南,3691
2014/10/15,礼服,male,湖南,4793
2014/10/15,礼服,female,湖南,1324
2014/10/15,礼服,female,湖南,8054
2014/10/15,礼服,male,湖南,3354
2014/10/15,礼服,female,湖南,8680
2014/10/15,礼服,male,湖南,12988
2014/10/15,礼服,male,湖南,4163
2014/10/15,礼服,male,湖南,7495
2014/10/15,礼服,male,湖南,5838
2014/10/15,礼服,female,湖南,12748
2014/10/15,礼服,female,湖南,907
2014/10/15,礼服,male,湖南,6169
2014/10/14,礼服,female,湖南,9565
2014/10/14,礼服,female,湖南,80402
2014/10/14,礼服,female,湖南,8777
2014/10/11,礼服,female,湖南,1522
2014/10/11,礼服,female,湖南,1452
2014/10/9,礼服,female,湖南,1790
2014/10/6,礼服,female,湖南,1419
2014/10/5,礼服,female,湖南,17004
2014/10/4,礼服,female,湖南,19849
2014/10/4,礼服,male,湖南,8472
2014/10/4,礼服,female,湖南,1999
2014/10/4,礼服,male,湖南,53292
2014/10/4,礼服,male,湖南,16658
2014/10/4,礼服,male,湖南,8206
2014/10/2,礼服,male,湖南,19460
2014/10/2,礼服,female,湖南,12013
2014/10/2,礼服,male,湖南,1960
2014/10/1,礼服,male,湖南,322747
2014/10/1,礼服,female,湖南,5300
2014/10/1,礼服,female,湖南,10869
2014/10/1,礼服,female,湖南,729851
2014/10/1,礼服,male,湖南,22640
2014/10/1,礼服,female,湖南,19804
2014/9/30,礼服,female,湖南,2161
2014/9/30,礼服,male,湖南,17853
2014/9/30,礼服,female,湖南,17576
2014/9/30,礼服,male,湖南,1745
2014/9/30,礼服,male,湖南,7390
2014/9/30,礼服,male,湖南,5024
2014/9/30,礼服,male,湖南,12465
2014/9/30,礼服,female,湖南,14448
2014/9/30,礼服,male,广州,2653
2014/9/30,保温杯,female,广州,617
2014/9/30,保温杯,male,广州,2454
2014/9/30,保温杯,female,广州,1004
2014/9/30,保温杯,female,广州,2185
2014/9/30,保温杯,female,广州,3508
2014/9/30,保温杯,female,广州,8562
2014/9/30,保温杯,male,广州,5008
2014/9/30,保温杯,female,广州,6881
2014/9/30,保温杯,female,广州,5670
2014/9/30,保温杯,female,广州,8586
2014/9/30,保温杯,female,广州,4492
2014/10/23,保温杯,female,广州,8544
2014/11/3,保温杯,male,广州,6448
2014/11/3,保温杯,female,广州,6289
2014/11/3,保温杯,male,广州,6916
2014/11/3,保温杯,female,广州,10457
2014/11/3,保温杯,male,广州,12845
2014/11/3,保温杯,female,广州,5817
2014/11/3,保温杯,female,广州,1570
2014/11/3,保温杯,male,广州,1968
2014/11/3,保温杯,female,广州,30451
2014/11/3,保温杯,male,广州,1164
2014/11/3,保温杯,male,广州,13488
2014/11/3,保温杯,male,广州,19769
2014/10/29,保温杯,female,广州,4155
2014/10/27,保温杯,female,广州,4768
2014/10/24,保温杯,female,广州,1677
2014/10/24,保温杯,female,广州,11330
2014/10/23,保温杯,female,广州,2924
2014/10/23,保温杯,female,广州,2209
2014/10/22,保温杯,male,广州,977
2014/10/18,保温杯,female,广州,18941
2014/10/18,保温杯,female,广州,2265
2014/10/10,保温杯,female,广州,27754
2014/10/10,保温杯,female,广州,7860
2014/10/10,保温杯,male,广州,4457
2014/10/10,保温杯,female,广州,2561
2014/10/10,保温杯,female,广州,13222
2014/10/10,保温杯,female,广州,18180
2014/10/10,保温杯,male,广州,354
2014/10/9,保温杯,female,广州,2319
2014/9/29,保温杯,male,广州,5219
2014/9/28,保温杯,female,广州,15203
2014/9/28,保温杯,female,广州,8284
2014/9/28,保温杯,female,广州,5582
2014/9/28,保温杯,male,广州,1399
2014/9/27,保温杯,male,广州,850
2014/9/27,保温杯,male,广州,771
2014/9/27,保温杯,female,广西,20231
2014/9/27,办公桌,female,广西,1734
2014/9/27,办公桌,female,广西,11625
2014/9/27,办公桌,male,广西,16179
2014/9/27,办公桌,female,广西,1227
2014/9/27,办公桌,female,广西,1607
2014/9/27,办公桌,female,广西,4507
2014/9/26,办公桌,female,广西,560
2014/9/26,办公桌,female,广西,265
2014/9/26,办公桌,female,广西,95
2014/9/26,办公桌,female,广西,208
2014/9/25,办公桌,female,广西,241
2014/9/24,办公桌,female,广西,171
2014/9/23,办公桌,female,广西,1236
2014/9/23,办公桌,female,广西,187
2014/9/23,办公桌,female,广西,757
2014/9/22,办公桌,female,广西,622
2014/9/22,办公桌,female,广西,221
2014/9/22,办公桌,female,广西,565
2014/9/20,办公桌,female,广西,3080
2014/9/20,办公桌,female,广西,766
2014/9/20,办公桌,female,广西,241
2014/9/20,办公桌,female,广西,409
2014/9/20,办公桌,male,广西,720
2014/9/20,办公桌,female,广西,491
2014/9/19,办公桌,female,广西,2099
2014/9/19,办公桌,male,广西,534
2014/9/19,签字笔,female,广西,401
2014/9/19,签字笔,female,广西,249
2014/9/19,签字笔,female,广西,1324
2014/9/19,签字笔,female,广西,722
2014/9/19,签字笔,female,广西,239
2014/9/19,签字笔,female,广西,140
2014/9/19,签字笔,female,广西,4241
2014/9/19,签字笔,female,广西,190
2014/9/19,签字笔,female,广西,139
2014/9/18,签字笔,female,广西,196
2014/9/18,签字笔,male,广西,821
2014/9/18,签字笔,female,广西,435
2014/9/18,签字笔,female,广西,257
2014/9/18,签字笔,female,广西,305
2014/9/14,签字笔,female,广西,605
2014/9/14,签字笔,male,广西,1325
2014/9/14,签字笔,female,广西,371
2014/9/14,签字笔,male,广西,164
2014/9/11,签字笔,female,广西,745
2014/9/11,签字笔,female,广西,747
2014/9/11,签字笔,female,广西,758
2014/9/11,签字笔,female,深圳,167
2014/9/11,签字笔,female,深圳,436
2014/10/25,签字笔,male,深圳,1612
2014/11/16,签字笔,female,深圳,691
2014/11/15,签字笔,female,深圳,426
2014/11/15,签字笔,male,深圳,572
2014/11/13,签字笔,female,深圳,325
2014/11/12,签字笔,female,深圳,201
2014/11/11,签字笔,female,深圳,88
2014/11/10,签字笔,male,深圳,943
